unit,day,minutes,size_mb,width,height,topic_guess,path
1,6,35.16,87.3,1920,1440,U1 - D6,teacher and student work/Copy of Algebra 2B (Khan) G Block 10/U1 - D6 Video.mp4
2,1,27.76,79.0,1920,1440,U2 - D1,teacher and student work/Copy of Algebra 2B (Khan) G Block 10/U2 - D1 Video(1).mp4
6,3,10.45,302.3,1440,1920,U6-D3,teacher and student work/Copy of Algebra 2B (Khan) G Block 10/U6-D3 Video (23-24).mp4
6,5,11.46,404.8,1440,1920,U6-D5,teacher and student work/Copy of Algebra 2B (Khan) G Block 10/U6-D5 video 22-23.mp4
6,6,10.77,403.9,1440,1920,U6-D6,teacher and student work/Copy of Algebra 2B (Khan) G Block 10/U6-D6 Video (23-24).mp4
review,,20.38,755.5,1440,1920,Unit 8 Study Guide,teacher and student work/Copy of Algebra 2B (Khan) G Block 10/Unit 8 Study Guide Video.mp4
4,1,8.57,255.2,1440,1920,U4-D1,teacher and student work/Copy of Algebra 2B (Khan) G Block 11/U4-D1 Video(1).MP4
unknown,,5.98,333.9,1440,1920,U5 Calculator Help,teacher and student work/Copy of Algebra 2B (Khan) G Block 11/U5 Calculator Help Video.mp4
6,2,8.15,260.3,1440,1920,U6-D2,teacher and student work/Copy of Algebra 2B (Khan) G Block 11/U6-D2  Video (23-24).MP4
8,3,11.25,389.0,1440,1920,U8-D3,teacher and student work/Copy of Algebra 2B (Khan) G Block 11/U8-D3 Video.mp4
8,4,7.91,252.9,1440,1920,U8-D4,teacher and student work/Copy of Algebra 2B (Khan) G Block 11/U8-D4 Video.mp4
8,5,16.11,522.2,1440,1920,U8-D5,teacher and student work/Copy of Algebra 2B (Khan) G Block 11/U8-D5 video.mp4
5,7,12.57,380.7,1440,1920,U5-D7,teacher and student work/Copy of Algebra 2B (Khan) G Block 12/U5-D7 Video (23-24).mp4
6,1,5.62,163.3,1440,1920,U6-D1,teacher and student work/Copy of Algebra 2B (Khan) G Block 12/U6-D1 Video Part 2 (23-24).MP4
8,1,8.57,298.5,1440,1920,U8-D1,teacher and student work/Copy of Algebra 2B (Khan) G Block 12/U8-D1 Video.mp4
8,2,9.08,311.4,1440,1920,U8-D2,teacher and student work/Copy of Algebra 2B (Khan) G Block 12/U8-D2 Video.mp4
review,,16.23,546.9,1440,1920,Unit 5 Study Guide,teacher and student work/Copy of Algebra 2B (Khan) G Block 12/Unit 5 Study Guide Video.mp4
review,,12.32,281.1,1440,1920,Unit 7 Study Guide,teacher and student work/Copy of Algebra 2B (Khan) G Block 12/Unit 7 Study Guide Video (23-24).mp4
4,2,9.01,284.8,1440,1920,U4-D2,teacher and student work/Copy of Algebra 2B (Khan) G Block 13/U4-D2 Video.MP4
5,4,21.12,547.7,1440,1920,U5-D4,teacher and student work/Copy of Algebra 2B (Khan) G Block 13/U5-D4 Video (23-24).mp4
5,5,13.28,290.6,1440,1920,U5-D5,teacher and student work/Copy of Algebra 2B (Khan) G Block 13/U5-D5 Video (23-24).mp4
5,6,14.19,344.7,1440,1920,U5-D6,teacher and student work/Copy of Algebra 2B (Khan) G Block 13/U5-D6 Video (23-24).mp4
7,4,15.95,539.7,1440,1920,U7-D4,teacher and student work/Copy of Algebra 2B (Khan) G Block 13/U7-D4 Video.mp4
review,,10.41,485.4,1440,1920,U4 Review,teacher and student work/Copy of Algebra 2B (Khan) G Block 14/U4 Review Video.MP4
5,1,11.93,482.9,1440,1920,U5-D1,teacher and student work/Copy of Algebra 2B (Khan) G Block 14/U5-D1 Video (23-24).mp4
5,2,15.79,429.1,1440,1920,U5-D2,teacher and student work/Copy of Algebra 2B (Khan) G Block 14/U5-D2 Video (23-24).mp4
5,3,18.53,628.2,1440,1920,U5-D3 1.41.21 PM,teacher and student work/Copy of Algebra 2B (Khan) G Block 14/U5-D3 Video (23-24) 1.41.21 PM.mp4
2,2,26.06,85.7,1920,1440,U2 - D2,teacher and student work/Copy of Algebra 2B (Khan) G Block 15/U2 - D2 Video.mp4
3,4,10.15,396.1,1440,1920,U3-D4,teacher and student work/Copy of Algebra 2B (Khan) G Block 15/U3-D4 video.MP4
3,5,13.12,307.9,1440,1920,U3-D5,teacher and student work/Copy of Algebra 2B (Khan) G Block 15/U3-D5 Video.mp4
4,3,9.57,256.7,1440,1920,U4-D3,teacher and student work/Copy of Algebra 2B (Khan) G Block 15/U4-D3 Video.MP4
4,5,15.32,363.1,1440,1920,U4-D5,teacher and student work/Copy of Algebra 2B (Khan) G Block 15/U4-D5 Video.MP4
review,,13.04,577.7,1440,1920,Unit 3 Review,teacher and student work/Copy of Algebra 2B (Khan) G Block 15/Unit 3 Review Video.MP4
unknown,,4.87,316.6,2880,1800,PLYSMLT,teacher and student work/Copy of Algebra 2B (Khan) G Block 16/PLYSMLT Video(1).mov
review,,12.05,234.2,1440,1920,U2 Review,teacher and student work/Copy of Algebra 2B (Khan) G Block 16/U2 Review Video.mp4
3,2,14.0,516.9,1440,1920,U3-D2,teacher and student work/Copy of Algebra 2B (Khan) G Block 16/U3-D2 Video.mp4
3,3,18.01,804.0,1440,1920,U3-D3,teacher and student work/Copy of Algebra 2B (Khan) G Block 16/U3-D3 Video (24-25).MP4
6,4,4.78,137.7,1440,1920,U6-D4,teacher and student work/Copy of Algebra 2B (Khan) G Block 16/U6-D4 Video Part 1 (23-24).mp4
2,3,12.33,388.0,1440,1920,U2-D3,teacher and student work/Copy of Algebra 2B (Khan) G Block 17/U2-D3 Video.mp4
2,4,10.8,327.9,1440,1920,U2-D4,teacher and student work/Copy of Algebra 2B (Khan) G Block 17/U2-D4 Video.mp4
2,5,6.51,258.2,1440,1920,U2-D5 (),teacher and student work/Copy of Algebra 2B (Khan) G Block 17/U2-D5 Video (PART 1).mp4
2,5,7.05,244.4,1440,1920,U2-D5 (),teacher and student work/Copy of Algebra 2B (Khan) G Block 17/U2-D5 Video (PART 2).MP4
3,1,14.49,605.8,1440,1920,U3-D1,teacher and student work/Copy of Algebra 2B (Khan) G Block 17/U3-D1 Video (24-25).MP4
6,1,4.12,197.1,1440,1920,U6-D1 part 1,teacher and student work/Copy of Algebra 2B (Khan) G Block 17/U6-D1 video part 1 (23-24).mp4
review,,13.79,349.2,1440,1920,U1 Review,teacher and student work/Copy of Algebra 2B (Khan) G Block 18/U1 Review Video.mp4
9,2,16.8,751.5,1440,1920,U9-D2,teacher and student work/Copy of Algebra 2B (Khan) G Block 18/U9-D2 Video.MP4
9,3,14.46,918.2,1440,1920,U9-D3,teacher and student work/Copy of Algebra 2B (Khan) G Block 18/U9-D3 Video (23-24).MP4
8,2,9.08,311.4,1440,1920,U8-D2,teacher and student work/Copy of Algebra 2B (Khan) G Block 19/U8-D2 Video(1).mp4
8,5,16.11,522.2,1440,1920,U8-D5,teacher and student work/Copy of Algebra 2B (Khan) G Block 19/U8-D5 video(1).mp4
9,1,9.73,420.4,1440,1920,U9-D1,teacher and student work/Copy of Algebra 2B (Khan) G Block 19/U9-D1 Video (23-24).MP4
review,,20.38,755.5,1440,1920,Unit 8 Study Guide,teacher and student work/Copy of Algebra 2B (Khan) G Block 19/Unit 8 Study Guide Video(1).mp4
unknown,,4.87,316.6,2880,1800,PLYSMLT,teacher and student work/Copy of Algebra 2B (Khan) G Block 2/PLYSMLT Video.mov
3,4,20.66,627.9,1440,1920,U3-D4,teacher and student work/Copy of Algebra 2B (Khan) G Block 2/U3-D4 Video (25-26).MP4
3,5,12.0,392.6,1440,1920,U3-D5,teacher and student work/Copy of Algebra 2B (Khan) G Block 2/U3-D5 Video (24-25).MP4
3,8,9.53,308.2,1440,1920,U3-D8,teacher and student work/Copy of Algebra 2B (Khan) G Block 2/U3-D8 Video Part 2 (25-26).MP4
3,9,10.58,339.7,1440,1920,U3-D9,teacher and student work/Copy of Algebra 2B (Khan) G Block 2/U3-D9 Video (25-26).MP4
1,1,13.71,343.3,1440,1920,U1 - D1 Summer Review,teacher and student work/Copy of Algebra 2B (Khan) G Block 20/U1 - D1 Summer Review Video.mp4
1,2,24.27,455.5,1440,1920,U1 - D2,teacher and student work/Copy of Algebra 2B (Khan) G Block 20/U1 - D2 Video.mp4
1,4,24.09,48.3,1920,1440,U1 - D4,teacher and student work/Copy of Algebra 2B (Khan) G Block 20/U1 - D4 Video.mp4
1,5,12.65,407.8,1440,1920,U1 - D5,teacher and student work/Copy of Algebra 2B (Khan) G Block 20/U1 - D5 video.mp4
2,1,27.76,79.0,1920,1440,U2 - D1,teacher and student work/Copy of Algebra 2B (Khan) G Block 20/U2 - D1 Video.mp4
8,1,8.57,298.5,1440,1920,U8-D1,teacher and student work/Copy of Algebra 2B (Khan) G Block 20/U8-D1 Video(1).mp4
8,3,11.25,389.0,1440,1920,U8-D3,teacher and student work/Copy of Algebra 2B (Khan) G Block 20/U8-D3 Video(1).mp4
review,,40.97,1331.3,1440,1920,A2B Final Review,teacher and student work/Copy of Algebra 2B (Khan) G Block 21/A2B Final Review Video (23-24)(1).MP4
7,1,13.53,399.5,1440,1920,U7-D1,teacher and student work/Copy of Algebra 2B (Khan) G Block 21/U7-D1 Video (23-24)(1).mp4
review,,12.32,281.1,1440,1920,Unit 7 Study Guide,teacher and student work/Copy of Algebra 2B (Khan) G Block 21/Unit 7 Study Guide Video (23-24)(1).mp4
6,4,7.93,259.1,1440,1920,U6-D4,teacher and student work/Copy of Algebra 2B (Khan) G Block 22/U6-D4 Video Part 2 (23-24)(1).mp4
7,2,15.96,521.1,1440,1920,U7-D2,teacher and student work/Copy of Algebra 2B (Khan) G Block 22/U7-D2 Video (23-24)(1).mp4
7,3,14.78,642.2,1440,1920,U7-D3,teacher and student work/Copy of Algebra 2B (Khan) G Block 22/U7-D3 Video (23-24)(1).mp4
7,4,15.95,539.7,1440,1920,U7-D4,teacher and student work/Copy of Algebra 2B (Khan) G Block 22/U7-D4 Video(1).mp4
5,2,15.79,429.1,1440,1920,U5-D2,teacher and student work/Copy of Algebra 2B (Khan) G Block 23/U5-D2 Video (23-24)(1).mp4
6,3,10.45,302.3,1440,1920,U6-D3,teacher and student work/Copy of Algebra 2B (Khan) G Block 23/U6-D3 Video (23-24)(1).mp4
6,5,11.46,404.8,1440,1920,U6-D5,teacher and student work/Copy of Algebra 2B (Khan) G Block 23/U6-D5 video 22-23(1).mp4
6,6,10.77,403.9,1440,1920,U6-D6,teacher and student work/Copy of Algebra 2B (Khan) G Block 23/U6-D6 Video (23-24)(1).mp4
review,,16.65,435.1,1440,1920,Unit 6 Study Guide,teacher and student work/Copy of Algebra 2B (Khan) G Block 23/Unit 6 Study Guide Video (23-24)(1).mp4
review,,12.05,234.2,1440,1920,U2 Review,teacher and student work/Copy of Algebra 2B (Khan) G Block 24/U2 Review Video(1).mp4
2,5,7.05,244.4,1440,1920,U2-D5 (),teacher and student work/Copy of Algebra 2B (Khan) G Block 24/U2-D5 Video (PART 2)(1).MP4
review,,13.04,577.7,1440,1920,U3 Review,teacher and student work/Copy of Algebra 2B (Khan) G Block 24/U3 Review Video.MP4
3,2,14.0,516.9,1440,1920,U3-D2,teacher and student work/Copy of Algebra 2B (Khan) G Block 24/U3-D2 Video(1).mp4
4,4,11.16,129.5,640,480,U4-D4,teacher and student work/Copy of Algebra 2B (Khan) G Block 24/U4-D4 Video.mov
6,2,8.15,260.3,1440,1920,U6-D2,teacher and student work/Copy of Algebra 2B (Khan) G Block 24/U6-D2  Video (23-24)(1).MP4
2,3,12.33,388.0,1440,1920,U2-D3,teacher and student work/Copy of Algebra 2B (Khan) G Block 25/U2-D3 Video(1).mp4
2,4,10.8,327.9,1440,1920,U2-D4,teacher and student work/Copy of Algebra 2B (Khan) G Block 25/U2-D4 Video(1).mp4
2,5,6.51,258.2,1440,1920,U2-D5 (),teacher and student work/Copy of Algebra 2B (Khan) G Block 25/U2-D5 Video (PART 1)(1).mp4
unknown,,5.98,333.9,1440,1920,U5 Calculator Help,teacher and student work/Copy of Algebra 2B (Khan) G Block 25/U5 Calculator Help Video(1).mp4
5,5,13.28,290.6,1440,1920,U5-D5,teacher and student work/Copy of Algebra 2B (Khan) G Block 25/U5-D5 Video (23-24)(1).mp4
5,6,14.19,344.7,1440,1920,U5-D6,teacher and student work/Copy of Algebra 2B (Khan) G Block 25/U5-D6 Video (23-24)(1).mp4
review,,13.79,349.2,1440,1920,U1 Review,teacher and student work/Copy of Algebra 2B (Khan) G Block 26/U1 Review Video(1).mp4
2,2,26.06,85.7,1920,1440,U2 - D2,teacher and student work/Copy of Algebra 2B (Khan) G Block 26/U2 - D2 Video(1).mp4
4,4,11.16,129.5,640,480,U4-D4,teacher and student work/Copy of Algebra 2B (Khan) G Block 26/U4-D4 Video(1).mov
5,3,18.53,628.2,1440,1920,U5-D3 1.41.21 PM,teacher and student work/Copy of Algebra 2B (Khan) G Block 26/U5-D3 Video (23-24) 1.41.21 PM(1).mp4
6,1,5.62,163.3,1440,1920,U6-D1,teacher and student work/Copy of Algebra 2B (Khan) G Block 26/U6-D1 Video Part 2 (23-24)(1).MP4
6,1,4.12,197.1,1440,1920,U6-D1 part 1,teacher and student work/Copy of Algebra 2B (Khan) G Block 26/U6-D1 video part 1 (23-24)(1).mp4
6,4,4.78,137.7,1440,1920,U6-D4,teacher and student work/Copy of Algebra 2B (Khan) G Block 26/U6-D4 Video Part 1 (23-24)(1).mp4
2,1,18.18,487.6,1440,1920,U2-D1,teacher and student work/Copy of Algebra 2B (Khan) G Block 3/U2-D1 Video (25-26).MP4
3,1,14.28,488.1,1440,1920,U3-D1,teacher and student work/Copy of Algebra 2B (Khan) G Block 3/U3-D1 Video (25-26).MP4
3,2,10.42,400.2,1440,1920,U3-D2,teacher and student work/Copy of Algebra 2B (Khan) G Block 3/U3-D2 Video (25-26).MP4
3,3,7.99,278.5,1440,1920,U3-D3 (),teacher and student work/Copy of Algebra 2B (Khan) G Block 3/U3-D3 Video (Part 1) 25-26.MP4
3,3,10.74,368.1,1440,1920,U3-D3 (),teacher and student work/Copy of Algebra 2B (Khan) G Block 3/U3-D3 Video (Part 2) 25-26.MP4
1,6,10.28,259.0,1440,1920,U1-D6,teacher and student work/Copy of Algebra 2B (Khan) G Block 4/U1-D6 Video (25-26).MP4
2,7,8.88,300.6,1440,1920,U2-D7 (),teacher and student work/Copy of Algebra 2B (Khan) G Block 4/U2-D7 Video (Part 1) 25-26.MP4
2,8,26.0,911.7,1440,1920,U2-D8,teacher and student work/Copy of Algebra 2B (Khan) G Block 4/U2-D8 Video (25-26).MP4
review,,17.56,527.1,1440,1920,Unit 1 Test Review,teacher and student work/Copy of Algebra 2B (Khan) G Block 4/Unit 1 Test Review Video (25-26).MP4
1,7,11.06,379.1,1440,1920,U1-D7,teacher and student work/Copy of Algebra 2B (Khan) G Block 5/U1-D7 Video (25-26).MP4
1,8,15.05,431.4,1440,1920,U1-D8,teacher and student work/Copy of Algebra 2B (Khan) G Block 5/U1-D8 Video (25-26).MP4
2,4,10.65,324.5,1440,1920,U2-D4,teacher and student work/Copy of Algebra 2B (Khan) G Block 5/U2-D4 Video (25-26).MP4
2,5,14.35,400.7,1440,1920,U2-D5,teacher and student work/Copy of Algebra 2B (Khan) G Block 5/U2-D5 Video (25-26).MP4
2,6,11.32,367.7,1440,1920,U2-D6,teacher and student work/Copy of Algebra 2B (Khan) G Block 5/U2-D6 Video (25-26).MP4
3,8,2.99,86.4,1440,1920,U3-D8,teacher and student work/Copy of Algebra 2B (Khan) G Block 5/U3-D8 Video Part 1 (25-26).MP4
unknown,,3.93,39.8,1334,1920,Transformation vid,teacher and student work/Copy of Algebra 2B (Khan) G Block 6/Transformation vid.mp4
1,7,17.19,38.9,1920,1440,U1 - D7,teacher and student work/Copy of Algebra 2B (Khan) G Block 6/U1 - D7 Video.mp4
1,2,14.79,350.1,1440,1920,U1-D2,teacher and student work/Copy of Algebra 2B (Khan) G Block 6/U1-D2 Video (25-26).MP4
1,3,17.81,549.4,1440,1920,U1-D3,teacher and student work/Copy of Algebra 2B (Khan) G Block 6/U1-D3 Video (25-26).MP4
1,4,11.6,313.4,1440,1920,U1-D4,teacher and student work/Copy of Algebra 2B (Khan) G Block 6/U1-D4 Video (25-26).MP4
1,5,10.36,263.8,1440,1920,U1-D5,teacher and student work/Copy of Algebra 2B (Khan) G Block 6/U1-D5 Video (25-26).MP4
2,3,11.27,364.9,1440,1920,U2-D3 (),teacher and student work/Copy of Algebra 2B (Khan) G Block 6/U2-D3 Video (Part 1) 25-26.MP4
2,7,2.49,87.5,1440,1920,U2-D7 (),teacher and student work/Copy of Algebra 2B (Khan) G Block 6/U2-D7 Video (Part 2) 25-26.MP4
unknown,,2.33,299.2,1440,1920,Copy of HW Submission,teacher and student work/Copy of Algebra 2B (Khan) G Block 7/Copy of HW Submission Video.mp4
unknown,,3.85,10.0,1440,900,Ln and PLYSMLT Calculator Help,teacher and student work/Copy of Algebra 2B (Khan) G Block 7/Ln and PLYSMLT Calculator Help Video.mp4
1,1,10.59,279.4,1440,1920,U1-D1,teacher and student work/Copy of Algebra 2B (Khan) G Block 7/U1-D1 Video (25-26).MP4
2,2,17.28,515.3,1440,1920,U2-D2,teacher and student work/Copy of Algebra 2B (Khan) G Block 7/U2-D2 Video (25-26).MP4
2,3,1.23,45.5,1440,1920,U2-D3 (),teacher and student work/Copy of Algebra 2B (Khan) G Block 7/U2-D3 Video (Part 2) 25-26.MP4
6,3,9.82,194.2,1620,2160,U6-D3,teacher and student work/Copy of Algebra 2B (Khan) G Block 7/U6-D3 Video.MP4
7,3,14.78,642.2,1440,1920,U7-D3,teacher and student work/Copy of Algebra 2B (Khan) G Block 7/U7-D3 Video (23-24).mp4
3,7,4.19,99.8,1440,1920,U3-D7,teacher and student work/Copy of Algebra 2B (Khan) G Block 8/U3-D7 Video (25-26).MP4
6,4,7.93,259.1,1440,1920,U6-D4,teacher and student work/Copy of Algebra 2B (Khan) G Block 8/U6-D4 Video Part 2 (23-24).mp4
7,1,13.53,399.5,1440,1920,U7-D1,teacher and student work/Copy of Algebra 2B (Khan) G Block 8/U7-D1 Video (23-24).mp4
7,2,15.96,521.1,1440,1920,U7-D2,teacher and student work/Copy of Algebra 2B (Khan) G Block 8/U7-D2 Video (23-24).mp4
review,,26.55,730.6,1440,1920,Unit 9 Review (Conics),teacher and student work/Copy of Algebra 2B (Khan) G Block 8/Unit 9 Review Video (Conics).MP4
review,,40.97,1331.3,1440,1920,A2B Final Review,teacher and student work/Copy of Algebra 2B (Khan) G Block 9/A2B Final Review Video (23-24).MP4
6,7,7.16,173.9,1620,2160,U6-D7 (graphing polynomials),teacher and student work/Copy of Algebra 2B (Khan) G Block 9/U6-D7 Video (graphing polynomials).MP4
review,,8.31,67.0,1440,1920,Unit 6 Study Guide Extra Problems,teacher and student work/Copy of Algebra 2B (Khan) G Block 9/Unit 6 Study Guide Extra Problems Video.mp4
review,,16.65,435.1,1440,1920,Unit 6 Study Guide,teacher and student work/Copy of Algebra 2B (Khan) G Block 9/Unit 6 Study Guide Video (23-24).mp4
3,10,8.44,281.7,1440,1920,U3-D10,teacher and student work/Copy of Algebra 2B (Khan) G Block/U3-D10 Video (25-26).MP4
4,1,8.99,268.6,1440,1920,U4-D1,teacher and student work/Copy of Algebra 2B (Khan) G Block/U4-D1 Video.MP4
6,1,9.17,247.2,1620,2160,U6-D1,teacher and student work/Copy of Algebra 2B (Khan) G Block/U6-D1 Video.MP4
6,8,10.69,206.9,1620,2160,U6-D8 (synthetic),teacher and student work/Copy of Algebra 2B (Khan) G Block/U6-D8 Video (synthetic).MP4
unknown,,7.91,264.6,1440,1920,Unit 3 Post-Break Warm-up,teacher and student work/Copy of Algebra 2B (Khan) G Block/Unit 3 Post-Break Warm-up Video.MP4
review,,23.33,672.5,1440,1920,Unit 3 Test Review,teacher and student work/Copy of Algebra 2B (Khan) G Block/Unit 3 Test Review Video.MP4
